<?xml version="1.0" encoding="UTF-8"?>
<GenRun Id="impl_1" LaunchPart="xc7a100tcsg324-1" LaunchTime="1731826156">
  <File Type="ROUTE-PWR" Name="Parent_power_routed.rpt"/>
  <File Type="PA-TCL" Name="The_ID_Stage.tcl"/>
  <File Type="ROUTE-PWR-SUM" Name="Parent_power_summary_routed.pb"/>
  <File Type="REPORTS-TCL" Name="The_ID_Stage_reports.tcl"/>
  <File Type="BITSTR-MSK" Name="The_ID_Stage.msk"/>
  <File Type="ROUTE-CLK" Name="Parent_clock_utilization_routed.rpt"/>
  <File Type="RDI-RDI" Name="The_ID_Stage.vdi"/>
  <File Type="POSTROUTE-PHYSOPT-BUS-SKEW-PB" Name="Parent_bus_skew_postroute_physopted.pb"/>
  <File Type="BG-BIT" Name="The_ID_Stage.bit"/>
  <File Type="BG-DRC" Name="The_ID_Stage.drc"/>
  <File Type="BG-BGN" Name="The_ID_Stage.bgn"/>
  <File Type="BG-BIN" Name="The_ID_Stage.bin"/>
  <File Type="BITSTR-RBT" Name="The_ID_Stage.rbt"/>
  <File Type="BITSTR-NKY" Name="The_ID_Stage.nky"/>
  <File Type="BITSTR-BMM" Name="The_ID_Stage_bd.bmm"/>
  <File Type="BITSTR-MMI" Name="The_ID_Stage.mmi"/>
  <File Type="ROUTE-METHODOLOGY-DRC" Name="Parent_methodology_drc_routed.rpt"/>
  <File Type="BITSTR-SYSDEF" Name="The_ID_Stage.sysdef"/>
  <File Type="ROUTE-METHODOLOGY-DRC-PB" Name="Parent_methodology_drc_routed.pb"/>
  <File Type="BITSTR-LTX" Name="debug_nets.ltx"/>
  <File Type="BITSTR-LTX" Name="The_ID_Stage.ltx"/>
  <File Type="BOOT-PDI-FILE" Name="The_ID_Stage_boot.pdi"/>
  <File Type="WBT-USG" Name="usage_statistics_webtalk.html"/>
  <File Type="NPI_FILE" Name="The_ID_Stage.npi"/>
  <File Type="OPT-DRC" Name="Parent_drc_opted.rpt"/>
  <File Type="RBD_FILE" Name="The_ID_Stage.rbd"/>
  <File Type="OPT-HWDEF" Name="The_ID_Stage.hwdef"/>
  <File Type="PLACE-IO" Name="Parent_io_placed.rpt"/>
  <File Type="PLACE-UTIL" Name="Parent_utilization_placed.rpt"/>
  <File Type="PLACE-UTIL-PB" Name="Parent_utilization_placed.pb"/>
  <File Type="PLACE-CTRL" Name="Parent_control_sets_placed.rpt"/>
  <File Type="PLACE-PRE-SIMILARITY" Name="The_ID_Stage_incremental_reuse_pre_placed.rpt"/>
  <File Type="ROUTE-DRC" Name="Parent_drc_routed.rpt"/>
  <File Type="ROUTE-DRC-PB" Name="Parent_drc_routed.pb"/>
  <File Type="ROUTE-PWR-RPX" Name="Parent_power_routed.rpx"/>
  <File Type="ROUTE-STATUS" Name="Parent_route_status.rpt"/>
  <File Type="ROUTE-STATUS-PB" Name="Parent_route_status.pb"/>
  <File Type="ROUTE-DCP" Name="The_ID_Stage_routed.dcp"/>
  <File Type="ROUTE-ERROR-DCP" Name="The_ID_Stage_routed_error.dcp"/>
  <File Type="ROUTE-BLACKBOX-DCP" Name="The_ID_Stage_routed_bb.dcp"/>
  <File Type="ROUTE-TIMINGSUMMARY" Name="Parent_timing_summary_routed.rpt"/>
  <File Type="ROUTE-TIMING-PB" Name="The_ID_Stage_timing_summary_routed.pb"/>
  <File Type="ROUTE-TIMING-RPX" Name="Parent_timing_summary_routed.rpx"/>
  <File Type="ROUTE-SIMILARITY" Name="Parent_incremental_reuse_routed.rpt"/>
  <File Type="ROUTE-BUS-SKEW" Name="Parent_bus_skew_routed.rpt"/>
  <File Type="ROUTE-BUS-SKEW-PB" Name="Parent_bus_skew_routed.pb"/>
  <File Type="ROUTE-BUS-SKEW-RPX" Name="Parent_bus_skew_routed.rpx"/>
  <File Type="OPT-DCP" Name="The_ID_Stage_opt.dcp"/>
  <File Type="PLACE-DCP" Name="The_ID_Stage_placed.dcp"/>
  <File Type="PWROPT-DCP" Name="The_ID_Stage_pwropt.dcp"/>
  <File Type="POSTPLACE-PWROPT-DCP" Name="The_ID_Stage_postplace_pwropt.dcp"/>
  <File Type="PHYSOPT-DCP" Name="The_ID_Stage_physopt.dcp"/>
  <File Type="POSTROUTE-PHYSOPT-DCP" Name="The_ID_Stage_postroute_physopt.dcp"/>
  <File Type="POSTROUTE-PHYSOPT-BLACKBOX-DCP" Name="The_ID_Stage_postroute_physopt_bb.dcp"/>
  <File Type="POSTROUTE-PHYSOPT-TIMING" Name="Parent_timing_summary_postroute_physopted.rpt"/>
  <File Type="POSTROUTE-PHYSOPT-TIMING-PB" Name="Parent_timing_summary_postroute_physopted.pb"/>
  <File Type="POSTROUTE-PHYSOPT-TIMING-RPX" Name="Parent_timing_summary_postroute_physopted.rpx"/>
  <File Type="POSTROUTE-PHYSOPT-BUS-SKEW" Name="Parent_bus_skew_postroute_physopted.rpt"/>
  <File Type="POSTROUTE-PHYSOPT-BUS-SKEW-RPX" Name="Parent_bus_skew_postroute_physopted.rpx"/>
  <File Type="ROUTE-DRC-RPX" Name="Parent_drc_routed.rpx"/>
  <File Type="ROUTE-METHODOLOGY-DRC-RPX" Name="Parent_methodology_drc_routed.rpx"/>
  <File Type="PDI-FILE" Name="The_ID_Stage.pdi"/>
  <File Type="PL-PDI-FILE" Name="The_ID_Stage_pld.pdi"/>
  <File Type="RCFI_FILE" Name="The_ID_Stage.rcfi"/>
  <File Type="CFI_FILE" Name="The_ID_Stage.cfi"/>
  <File Type="RNPI_FILE" Name="The_ID_Stage.rnpi"/>
  <File Type="ROUTE-RQS" Name="The_ID_Stage_routed.rqs"/>
  <File Type="POSTROUTE-PHYSOPT-RQS" Name="The_ID_Stage_postroute_physopted.rqs"/>
  <File Type="ROUTE-RQS-RPT" Name="route_report_qor_suggestions_0.rpt"/>
  <File Type="POSTROUTE-PHYSOPT-RQS-RPT" Name="postroute_physopt_report_qor_suggestions_0.rpt"/>
  <FileSet Name="sources" Type="DesignSrcs" RelSrcDir="$PSRCDIR/sources_1" RelGenDir="$PGENDIR/sources_1">
    <Filter Type="Srcs"/>
    <File Path="$PSRCDIR/sources_1/new/Control.v">
      <FileInfo>
        <Attr Name="UsedIn" Val="synthesis"/>
        <Attr Name="UsedIn" Val="implementation"/>
        <Attr Name="UsedIn" Val="simulation"/>
      </FileInfo>
    </File>
    <File Path="$PSRCDIR/sources_1/new/ID_EX_pipeline_register.v">
      <FileInfo>
        <Attr Name="UsedIn" Val="synthesis"/>
        <Attr Name="UsedIn" Val="implementation"/>
        <Attr Name="UsedIn" Val="simulation"/>
      </FileInfo>
    </File>
    <File Path="$PSRCDIR/sources_1/new/Incrementer.v">
      <FileInfo>
        <Attr Name="UsedIn" Val="synthesis"/>
        <Attr Name="UsedIn" Val="implementation"/>
        <Attr Name="UsedIn" Val="simulation"/>
      </FileInfo>
    </File>
    <File Path="$PSRCDIR/sources_1/new/Latch.v">
      <FileInfo>
        <Attr Name="UsedIn" Val="synthesis"/>
        <Attr Name="UsedIn" Val="implementation"/>
        <Attr Name="UsedIn" Val="simulation"/>
      </FileInfo>
    </File>
    <File Path="$PSRCDIR/sources_1/new/Memory.v">
      <FileInfo>
        <Attr Name="UsedIn" Val="synthesis"/>
        <Attr Name="UsedIn" Val="implementation"/>
        <Attr Name="UsedIn" Val="simulation"/>
      </FileInfo>
    </File>
    <File Path="$PSRCDIR/sources_1/new/Mux_32bit.v">
      <FileInfo>
        <Attr Name="UsedIn" Val="synthesis"/>
        <Attr Name="UsedIn" Val="implementation"/>
        <Attr Name="UsedIn" Val="simulation"/>
      </FileInfo>
    </File>
    <File Path="$PSRCDIR/sources_1/new/Program_Counter.v">
      <FileInfo>
        <Attr Name="UsedIn" Val="synthesis"/>
        <Attr Name="UsedIn" Val="implementation"/>
        <Attr Name="UsedIn" Val="simulation"/>
      </FileInfo>
    </File>
    <File Path="$PSRCDIR/sources_1/new/Registers.v">
      <FileInfo>
        <Attr Name="UsedIn" Val="synthesis"/>
        <Attr Name="UsedIn" Val="implementation"/>
        <Attr Name="UsedIn" Val="simulation"/>
      </FileInfo>
    </File>
    <File Path="$PSRCDIR/sources_1/new/Sign_Extend.v">
      <FileInfo>
        <Attr Name="UsedIn" Val="synthesis"/>
        <Attr Name="UsedIn" Val="implementation"/>
        <Attr Name="UsedIn" Val="simulation"/>
      </FileInfo>
    </File>
    <File Path="$PSRCDIR/sources_1/new/The_IF_Stage.v">
      <FileInfo>
        <Attr Name="UsedIn" Val="synthesis"/>
        <Attr Name="UsedIn" Val="implementation"/>
        <Attr Name="UsedIn" Val="simulation"/>
      </FileInfo>
    </File>
    <File Path="$PSRCDIR/sources_1/new/The_ID_Stage.v">
      <FileInfo>
        <Attr Name="UsedIn" Val="synthesis"/>
        <Attr Name="UsedIn" Val="implementation"/>
        <Attr Name="UsedIn" Val="simulation"/>
      </FileInfo>
    </File>
    <Config>
      <Option Name="DesignMode" Val="RTL"/>
      <Option Name="TopModule" Val="The_ID_Stage"/>
      <Option Name="TopAutoSet" Val="TRUE"/>
    </Config>
  </FileSet>
  <FileSet Name="constrs_in" Type="Constrs" RelSrcDir="$PSRCDIR/constrs_1" RelGenDir="$PGENDIR/constrs_1">
    <Filter Type="Constrs"/>
    <Config>
      <Option Name="ConstrsType" Val="XDC"/>
    </Config>
  </FileSet>
  <FileSet Name="utils" Type="Utils" RelSrcDir="$PSRCDIR/utils_1" RelGenDir="$PGENDIR/utils_1">
    <Filter Type="Utils"/>
    <Config>
      <Option Name="TopAutoSet" Val="TRUE"/>
    </Config>
  </FileSet>
  <Strategy Version="1" Minor="2">
    <StratHandle Name="Vivado Implementation Defaults" Flow="Vivado Implementation 2023"/>
    <Step Id="init_design"/>
    <Step Id="opt_design"/>
    <Step Id="power_opt_design"/>
    <Step Id="place_design"/>
    <Step Id="post_place_power_opt_design"/>
    <Step Id="phys_opt_design"/>
    <Step Id="route_design"/>
    <Step Id="post_route_phys_opt_design"/>
    <Step Id="write_bitstream"/>
    <Step Id="write_device_image"/>
  </Strategy>
</GenRun>
